STATIONNAME,LONGITUDE,LATITUDE,ELEVATION_METER,COUNTRY,CROP,YA,YW,YW-YA,YP,YP-YA,WPP,WPA,CROPPING_INTENSITY,YW_CV_TEMPORAL,YP_CV_TEMPORAL,YA_CV_TEMPORAL,CLIMATEZONE,AREA_IN_CLIMATEZONE_HA,,,
Adet,37.48,11.27,2240,Ethiopia,wheat,2.264166667,9.535426301,7.271259634,9.960867052,7.696700385,20.90809995,4.964583803,1,,,0.185679793,6701,33930,,,
Ambo,37.835,8.96,2100,Ethiopia,wheat,2.432833333,8.645641618,6.212808285,9.691156069,7.258322736,20.86748258,5.871988391,1,,,0.155960148,5501,34690,,,
Ayira,35.33,9.06,1700,Ethiopia,wheat,1.841166667,8.019421965,6.178255299,8.019306358,6.178139692,19.48075417,4.472556174,1,,,0.364394414,7701,4331,,,
Butajira,38.22,8.08,1840,Ethiopia,wheat,2.517666667,9.013532002,6.495865336,9.091533492,6.573866825,22.28866374,6.225686636,1,,,0.146454481,5701,20238,,,
Debre Zeit,39,8.72,1900,Ethiopia,wheat,2.661666667,8.501562687,5.83989602,9.086763006,6.425096339,22.1210453,6.925650151,1,,,0.194539264,6301,39285,,,
Eth_rfwt4,38.5,8.9,2080,Ethiopia,wheat,2.403333333,8.50119745,6.097864117,12.18336178,9.780028445,18.51261335,5.233613384,1,,,0.084811371,6401,19979,,,
Kulumsa,39.15,8,2200,Ethiopia,wheat,2.8235,9.752335433,6.928835433,10.5466474,7.723147399,27.48386048,7.957138125,1,,,0.143301151,5501,67366,,,
Mekele,39.47,13.52,1970,Ethiopia,wheat,1.838361111,4.380692628,2.542331516,8.90132948,7.062968369,16.69770665,7.007205744,1,,,0.052326542,6101,50916,,,
Melkassa,39.33,8.4,1550,Ethiopia,wheat,2.661666667,7.662954283,5.001287616,8.298612717,5.63694605,19.69449963,6.840728948,1,,,0.194539264,7201,23720,,,
Sheno,39.3,9.344,2780,Ethiopia,wheat,2.154333333,8.146506319,5.992172986,11.38843931,9.234105973,26.48046575,7.002725807,1,,,0.235399525,5501,62932,,,
Woliso,37.97,8.55,2060,Ethiopia,wheat,2.502666667,8.955145456,6.45247879,9.408612717,6.90594605,21.52415611,6.015289009,1,,,0.156876896,6501,25956,,,
eth_rfwt2,38.82955245,7.172391789,2645,Ethiopia,wheat,2.8095,9.085232064,6.275732064,10.18254335,7.373043353,22.42220587,6.933800584,1,,,0.153522044,5601,43347,,,
eth_rfwt3,40.1052583,7.769735058,2298,Ethiopia,wheat,2.753333333,6.755126255,4.001792922,9.148707028,6.395373694,17.50674225,7.135602677,1,,,0.094455203,6501,60633,,,
Eldoret,35.3,0.483,2120,Kenya,wheat,2.136025,6.557299503,4.421274503,8.743936641,6.607911641,17.59912247,5.732873047,1,,,0.31429302,6401,38,,,
Kakamega,34.46,0.17,1530,Kenya,wheat,2.136025,7.045161684,4.909136684,7.684724914,5.548699914,17.94411411,5.440482145,1,,,0.31429302,7701,22,,,
Ken_rfwt1,36.2,-0.114,2400,Kenya,wheat,2.136025,5.90323861,3.76721361,9.545541612,7.409516612,13.56919538,4.909871084,1,,,0.31429302,5501,3077,,,
Kericho,35.16,-0.22,2093,Kenya,wheat,2.136025,9.129675008,6.993650008,9.836825498,7.700800498,21.63799919,5.06253587,1,,,0.31429302,7501,1,,,
Kitale,34.9588,0.9733,1850,Kenya,wheat,2.136025,7.393159548,5.257134548,8.60248509,6.46646009,19.70078365,5.691932674,1,,,0.31429302,6401,13605,,,
Meru,37.39,0.5,680,Kenya,wheat,2.136025,4.758014389,2.621989389,9.764125098,7.628100098,17.80152551,7.991674765,1,,,0.31429302,7101,12,,,
Nakuru,36.6,-0.155,1901,Kenya,wheat,2.136025,5.946287989,3.810262989,9.286076831,7.150051831,17.53197082,6.297832872,1,,,0.31429302,5401,7261,,,
Arusha,36.633,-3.321,1387,Tanzania,wheat,1.756820784,6.164882996,4.408062212,8.243852018,6.487031234,20.77844107,5.921279795,1,,,0.464045464,6501,411,,,
KIA,37.0745,-3.4294,896,Tanzania,wheat,1.591334717,2.752768704,1.161433986,5.962850702,4.371515984,11.99414826,6.93363903,1,,,0.449208891,7201,9039,,,
Sumbawanga,31.57,-8,,Tanzania,wheat,0.9,8.225848044,7.325848044,8.242934924,7.342934924,17.62024117,1.927851933,1,,,,6401,3343,,,
tan_rfwt1,36.91779206,-4.370535817,1329,Tanzania,wheat,1.063044487,2.280258909,1.217214422,7.24747613,6.184431643,7.670265207,3.575836546,1,,,0.702664807,7101,5057,,,
tan_rfwt3,36.05985185,-2.883008464,930,Tanzania,wheat,1.517681778,3.420207273,1.902525495,7.654979452,6.137297673,11.07646097,4.915065563,1,,,0.507908608,7101,126,,,
tan_rfwt4,35.315,-3.65,1114,Tanzania,wheat,0.977469414,4.991800725,4.014331311,8.438665506,7.461196092,15.06423453,2.949802948,1,,,0.297357415,7201,1404,,,
tan_rfwt5,37.51583152,-5.025575148,989,Tanzania,wheat,0.242771356,5.426372879,5.183601523,7.025854744,6.783083388,16.03066888,0.717198635,1,,,,7201,806,,,
tan_rfwt6,34.65130916,-3.537340521,1352,Tanzania,wheat,1.313823818,4.794804612,3.480980794,7.265303924,5.951480106,12.4075279,3.399785183,1,,,0.480043187,7301,218,,,
Amatikulu,31.529,-29.033,45,South Africa,sugarcane,49.06504761,77.31425408,28.24920647,126.9370862,77.87203864,99.36096087,63.05629322,0.7,0.155384384,0.02506272,0.168294627,7501,29767,,,
Darnall,31.388,-29.271,85,South Africa,sugarcane,49.2737177,83.59648369,34.32276599,124.3777447,75.10402701,100.0171839,58.95246148,0.7,0.17375754,0.025573883,0.164116031,7501,53734,,,
Gingindlovu - SASRI,31.6,-29.017,93,South Africa,sugarcane,47.13733209,79.07676166,31.93942958,127.164911,80.02757893,90.86670476,54.16526863,0.7,0.166194213,0.025982954,0.185352053,7601,18291,,,
Noodsberg - Jaagbaan,30.688,-29.359,1018,South Africa,sugarcane,49.06504761,86.29399573,37.22894812,123.6255128,74.56046521,83.16530823,47.2861382,0.7,0.173550809,0.054201721,0.168294627,6501,69826,,,
Powerscourt - Roseleigh,30.633,-29.983,630,South Africa,sugarcane,59.66227357,102.0140873,42.35181374,127.2656746,67.60340104,88.43198217,51.71886797,0.7,0.148860046,0.082923291,0.152378406,6501,36373,,,
Pandamatenga,25.64999962,-18.54999924,,Botswana,sorghum,0.887797396,3.365739154,2.477941758,5.805673123,4.917875727,9.471064872,2.498228872,1,0.531861267,0.097819023,0.527219769,7101,123,,,
Bobo-Dioulasso,-4.317,11.167,445,Burkina Faso,sorghum,1.071497182,7.683666461,6.612169279,8.003969244,6.932472062,17.82689982,2.485984134,1,0.108889626,0.027937703,0.115765079,10301,80024,,,
Bogandé,-0.137,12.974,281,Burkina Faso,sorghum,0.791287716,4.195073984,3.403786268,6.968046139,6.176758423,11.26149108,2.124176972,1,0.428158059,0.093316555,0.186478116,10101,248095,,,
Boromo,-2.933,11.75,243,Burkina Faso,sorghum,1.186588608,4.940109327,3.753520719,5.60992483,4.423336222,18.21432104,4.374985334,1,0.323652945,0.046539741,0.155647502,10201,182620,,,
Dori,-0.0333,14.0333,288,Burkina Faso,sorghum,0.597577488,4.208925453,3.611347966,6.936243168,6.33866568,15.47263053,2.196782951,1,0.352432636,0.162389049,0.210321305,10001,75050,,,
Dédougou,-3.483,12.467,299,Burkina Faso,sorghum,1.106134313,5.322216389,4.216082076,5.639493294,4.533358981,19.53195095,4.059391721,1,0.132829055,0.02850254,0.094910969,10201,49030,,,
Fada Ngourma,0.367,12.033,294,Burkina Faso,sorghum,1.096252442,5.470143222,4.37389078,7.575842798,6.479590357,14.21828462,2.849437135,1,0.230825785,0.027639649,0.152556715,10201,84720,,,
Gaoua,-3.183,10.333,339,Burkina Faso,sorghum,1.153214556,7.477496112,6.324281556,7.712818924,6.559604368,18.59691205,2.868103087,1,0.108255388,0.039394131,0.208755533,10301,76287,,,
Ouahigouya,-2.417,13.567,315,Burkina Faso,sorghum,0.875537807,6.032972193,5.157434386,6.926378572,6.050840765,16.06628003,2.331626128,1,0.222604375,0.060631749,0.250867225,10101,198072,,,
Pô,-1.15,11.15,322,Burkina Faso,sorghum,1.166551114,6.621873946,5.455322833,7.637511667,6.470960554,17.42846989,3.07030927,1,0.131415759,0.027680235,0.162729791,10201,92560,,,
Assosa,34.52,10.07,1575,Ethiopia,sorghum,2.34175,8.25951412,5.91776412,8.274593023,5.932843023,17.69144024,5.015904032,1,0.046945602,0.046731485,0.11108922,7501,19372,,,
Ayira,35.33,9.06,1700,Ethiopia,sorghum,2.826083333,9.741529623,6.91544629,9.734883721,6.908800388,17.12476205,4.96800877,1,0.038897942,0.03926672,0.221374945,7701,36683,,,
Bahir Dar,37.38,11.58,1790,Ethiopia,sorghum,2.092333333,6.344393842,4.252060508,7.290523256,5.198189922,15.52409858,5.119730858,1,0.377121629,0.247479513,0.152424256,6601,5438,,,
Butajira,38.22,8.08,1840,Ethiopia,sorghum,2.343166667,5.670180948,3.327014281,6.800136799,4.456970132,13.14470928,5.431968559,1,0.345446055,0.126761538,0.179584573,5701,627,,,
Gelemso,40.525,8.809,1810,Ethiopia,sorghum,2.4385,7.244257329,4.805757329,9.948643411,7.510143411,15.18087953,5.110057946,1,0.413497451,0.06924247,0.120148345,7401,29889,,,
Gondar,37.4715,12.59,1967,Ethiopia,sorghum,2.197166667,7.619461963,5.422295296,8.00372093,5.806554264,19.28506295,5.561087868,1,0.169616856,0.097837045,0.116715985,7501,9727,,,
Gore,35.53,8.02,1880,Ethiopia,sorghum,2.371458333,10.58667233,8.215213995,10.65918605,8.287727713,21.76690878,4.875877483,1,0.059843349,0.051178508,0.082637339,7801,8014,,,
Haramaya,42.03,9.4,1980,Ethiopia,sorghum,2.14,6.521075581,4.381075581,9.100258398,6.960258398,16.11480777,5.288343648,1,0.343510787,0.175859598,0.172449534,6301,12868,,,
Harar,42.1,9.31,1840,Ethiopia,sorghum,2.1405,7.956960594,5.816460594,10.77293282,8.632432817,18.79788191,5.056813561,1,0.317869752,0.044317612,0.172331949,7201,33344,,,
Jijiga,43.5,9.02,1650,Ethiopia,sorghum,2.071916667,0.903994876,0,8.075813953,6.003897287,3.773122964,8.647832597,1,1.215173877,0.093513266,0.191919991,7101,10794,,,
Kobo,39.63,12.15,1500,Ethiopia,sorghum,1.881666667,2.194289641,0.312622974,6.596918605,4.715251938,6.025618322,5.167141535,1,0.701075969,0.133019443,0.324841737,7201,4901,,,
Kombolacha,39.72,11.1,1840,Ethiopia,sorghum,2.28025,2.757619509,0.477369509,8.179825581,5.899575581,8.851373981,7.319119064,1,0.866325551,0.144653558,0.133724099,6501,4567,,,
Melkassa,39.33,8.4,1550,Ethiopia,sorghum,2.439333333,5.484077446,3.044744113,8.684418605,6.245085271,14.08868268,6.266686351,1,0.618575333,0.149170879,0.127291792,7201,4372,,,
Nekemte,36.54,9.09,2110,Ethiopia,sorghum,2.664333333,9.767780438,7.103447104,9.803430233,7.139096899,18.78140333,5.122956976,1,0.044503817,0.029430715,0.097831254,6801,43298,,,
Pawe,36.403,11.31,1100,Ethiopia,sorghum,2.064166667,5.831800172,3.767633506,7.497325581,5.433158915,10.67389384,3.778026546,1,0.437085399,0.047712066,0.169472773,8601,3949,,,
Shambu,37.1212,9.57117,2550,Ethiopia,sorghum,2.632833333,11.07730378,8.444470446,11.24110465,8.608271318,19.4117198,4.613742113,1,0.126997187,0.079732226,0.120114263,5801,1673,,,
Shire Endasilasse,38.334,14.1,1920,Ethiopia,sorghum,2.89,5.245406977,2.355406977,6.030813953,3.140813953,16.00436872,8.817738226,1,0.345719071,0.134769484,0.101236533,7201,9350,,,
Woliso,37.97,8.55,2060,Ethiopia,sorghum,2.173833333,9.481159751,7.307326417,11.47338501,9.29955168,17.70894184,4.060293159,1,0.418447346,0.059226484,0.262659305,6501,13905,,,
Wolkite,37.78,8.27,1880,Ethiopia,sorghum,2.053,7.621217341,5.568217341,9.782235142,7.729235142,13.1784943,3.550016695,1,0.436531663,0.113310628,0.154637346,6501,3601,,,
eth_rfso3,40.7171547,8.427406133,1323,Ethiopia,sorghum,2.438333333,3.816043887,1.377710554,6.398966408,3.960633075,11.22495983,7.172400141,1,0.491036164,0.162634601,0.120290561,7201,36924,,,
Bolgatanga,-0.867,10.8,180,Ghana,sorghum,1.190034811,6.704547309,5.514512498,6.910049036,5.720014224,12.60564752,2.23746044,1,0.177599853,0.095705839,0.094494395,10301,59077,,,
Wa,-2.5,10.067,323,Ghana,sorghum,0.916163652,7.90137755,6.985213898,8.060426547,7.144262894,15.44927208,1.791340997,1,0.091719987,0.057258057,0.250053478,10301,100602,,,
Yendi,-0.004,9.432,197,Ghana,sorghum,1.522064706,6.721710184,5.199645478,7.037504517,5.515439811,15.61367786,3.535562729,1,0.154419152,0.100498846,0.188200006,10401,18712,,,
Dagoretti,36.45,-1.241,1798,Kenya,sorghum,0.97195,2.709945578,1.737995578,4.846756763,3.874806763,12.24583481,4.392095264,1,0.463491878,0.123656024,0.121728833,7201,31,,,
Eldoret,35.3,0.483,2120,Kenya,sorghum,0.97195,8.618663643,7.646713643,10.21996976,9.248019761,17.8774319,2.016086328,1,0.269991778,0.08096035,0.121728833,6401,65,,,
Embu,37.575,-0.485,1350,Kenya,sorghum,0.97195,2.568489715,1.596539715,9.398829928,8.426879928,9.021868733,3.413992769,1,0.695524698,0.075873257,0.121728833,7401,348,,,
Kakamega,34.46,0.17,1530,Kenya,sorghum,0.97195,4.530725969,3.558775969,4.61212063,3.64017063,14.51230736,3.11323996,1,0.131644497,0.10538712,0.121728833,7701,27638,,,
Kericho,35.16,-0.22,2093,Kenya,sorghum,0.97195,11.19547714,10.22352714,11.67311912,10.70116912,15.56172452,1.35101148,1,0.10054406,0.053999526,0.121728833,7501,13664,,,
Kisii,34.7886,-0.6831,1171,Kenya,sorghum,0.97195,5.536760754,4.564810754,5.564981195,4.593031195,16.02595774,2.813274823,1,0.044874659,0.045680544,0.121728833,6801,671,,,
Kisumu,34.7349,-0.072,1146,Kenya,sorghum,0.97195,4.464878341,3.492928341,4.553388004,3.581438004,12.62346761,2.747976183,1,0.068875983,0.063938453,0.121728833,7601,13703,,,
Kitale,34.9588,0.9733,1850,Kenya,sorghum,0.97195,11.01901181,10.04706181,11.26525359,10.29330359,15.42324066,1.360432226,1,0.094910634,0.073413646,0.121728833,6401,1371,,,
Nakuru,36.6,-0.155,1901,Kenya,sorghum,0.97195,7.279899075,6.307949075,12.81939376,11.84744376,12.31591942,1.644316461,1,0.578347741,0.035163534,0.121728833,5401,160,,,
Bougouni,-7.5,11.42,344,Mali,sorghum,1.0115375,6.88649254,5.87495504,6.89676333,5.88522583,15.46914815,2.272219618,1,0.072344781,0.07312993,0.076286344,10301,137999,,,
Dag Dag,-11.4,14.48,47,Mali,sorghum,1.0115375,5.789169966,4.777632466,7.172920336,6.161382836,14.28383994,2.495805069,1,0.249394924,0.072668388,0.076286344,10101,24626,,,
Koutiala,-5.47,12.38,367,Mali,sorghum,1.0115375,7.867804823,6.856267323,8.293282688,7.281745188,15.36096535,1.974908228,1,0.11458537,0.070567756,0.076286344,10201,166460,,,
Nara,-7.28,15.17,265,Mali,sorghum,1.0115375,4.17379711,3.16225961,6.392964188,5.381426688,11.33221008,2.746409361,1,0.46829066,0.12146584,0.076286344,10001,65617,,,
Segou,-6.15,13.4,289,Mali,sorghum,1.0115375,6.652982921,5.641445421,7.343819876,6.332282376,17.15394044,2.608131456,1,0.171929168,0.093371368,0.076286344,10101,108108,,,
Senou,-7.95,12.53,381,Mali,sorghum,1.0115375,7.304760042,6.293222542,8.308272328,7.296734828,14.74122338,2.04131281,1,0.139744736,0.082441806,0.076286344,10201,67508,,,
Sikasso,-5.68,11.35,375,Mali,sorghum,1.0115375,9.3529076,8.3413701,9.276339681,8.264802181,18.46268178,1.996779587,1,0.049816121,0.046625123,0.076286344,9401,23986,,,
Maradi,7.0833,13.4667,373,Niger,sorghum,0.558555556,3.346937173,2.788381618,5.115696994,4.557141438,10.15035864,1.693948502,1,0.562960397,0.143006798,0.251957235,10001,728983,,,
Zinder,8.9838,13.779,453,Niger,sorghum,0.474,1.607119301,1.133119301,4.690898335,4.216898335,5.157585513,1.521166184,1,0.70868378,0.185519466,0.181707744,10001,898703,,,
Bauchi,9.817,10.283,609,Nigeria,sorghum,1.074036572,6.352696097,5.278659525,8.767439836,7.693403264,11.89604131,2.011237943,1,,,0.105454733,9301,59034,,,
Bida,6.017,9.1,143,Nigeria,sorghum,1.334011847,7.115084958,5.781073111,7.277154687,5.94314284,13.91216426,2.60840061,1,,,0.131709405,10401,198287,,,
Gusau,6.7,12.167,469,Nigeria,sorghum,1.74513172,7.8581562,6.11302448,7.933950884,6.188819164,21.88493446,4.860185056,1,,,0.580893448,9201,85313,,,
Ibi,9.75,8.183,111,Nigeria,sorghum,1.041164649,7.921357111,6.880192462,8.015756867,6.974592218,17.64498575,2.319215652,1,,,0.156359563,10401,121782,,,
Kaduna,7.45,10.6,642,Nigeria,sorghum,1.191224307,8.156525693,6.965301386,8.412430558,7.221206252,18.46661201,2.696966566,1,,,0.221587217,9401,94019,,,
Kano,8.533,12.05,481,Nigeria,sorghum,1.281601427,6.936449478,5.65484805,8.040091935,6.758490508,14.2073132,2.62499034,1,,,0.209489646,9101,300548,,,
Katsina,7.617,13.017,427,Nigeria,sorghum,1.148158478,6.54667847,5.398519992,9.412868874,8.264710396,14.72439598,2.582369084,1,,,0.095595468,10101,45970,,,
Maidu,13.083,11.85,354,Nigeria,sorghum,0.949252001,5.796782898,4.847530898,7.480635226,6.531383225,16.53294436,2.707351782,1,,,0.105129534,10101,111891,,,
Makurdi,8.617,7.683,97,Nigeria,sorghum,1.42730064,7.603463929,6.17616329,7.640826185,6.213525545,14.69248675,2.758031856,1,,,0.312356448,10501,53843,,,
Nguru,10.467,12.883,344,Nigeria,sorghum,0.942781124,4.84822564,3.905444516,7.394561132,6.451780008,14.63518523,2.845943527,1,,,0.150627358,10001,157088,,,
Sokoto,5.25,13.017,302,Nigeria,sorghum,1.227046231,4.997721738,3.770675507,7.420893245,6.193847014,12.55844079,3.083362429,1,,,0.089380389,10101,223589,,,
Yelwa,4.75,10.883,243,Nigeria,sorghum,1.368670564,6.370599374,5.00192881,7.421012968,6.052342405,12.13462159,2.607023045,1,,,0.183415541,10301,156339,,,
nig_rfso2,10.38282003,12.02804567,368,Nigeria,sorghum,1.074036572,6.798845399,5.724808827,7.487120978,6.413084405,17.50961895,2.766053647,1,,,0.105454733,10101,171849,,,
nig_rfso3,8.362169109,11.78719481,467,Nigeria,sorghum,1.281601427,8.684542045,7.402940618,9.516956948,8.235355521,17.14504123,2.530140243,1,,,0.209489646,9201,346724,,,
nig_rfso6,4.653490145,10.04466478,158,Nigeria,sorghum,1.334011847,7.972001369,6.637989522,8.272121389,6.938109542,13.72541079,2.296770881,1,,,0.131709405,10401,67608,,,
DODOMA,35.7667,-6.1667,1120,Tanzania,sorghum,0.787389722,2.769302186,1.981912463,4.628550968,3.841161245,10.39511629,2.955621013,1,0.457337869,0.090167849,0.447371753,7101,57949,,,
MOROGORO,37.65,-6.821,526,Tanzania,sorghum,0.978451856,2.217032056,1.238580199,2.585125461,1.606673604,8.917466298,3.935582001,1,0.35927008,0.119357409,0.319826416,8301,4331,,,
Shinyanga,33.4333,-3.6667,1126,Tanzania,sorghum,1.241381478,3.083012935,1.841631456,3.978833805,2.737452326,10.54466983,4.245832923,1,0.260629223,0.080228148,0.326578834,7201,40708,,,
tan_rfmz1,33.62356705,-2.689588813,1213,Tanzania,sorghum,1.350911348,3.87990661,2.528995263,5.453904289,4.102992941,8.697852334,3.028430474,2,0.415339799,0.116548531,0.834138615,7301,59437,,,
tan_rfso5,36.27643053,-5.561809101,1250,Tanzania,sorghum,0.910724696,3.237888325,2.327163629,4.702454689,3.791729993,9.8738011,2.777215766,1,0.521787555,0.254811551,0.347401169,7201,64747,,,
Arua,30.91666667,3.05,1211,Uganda,sorghum,0.920375,5.401202577,4.480827577,5.83001677,4.90964177,16.35273245,2.78653613,2,0.11740906,0.044409616,0.132793658,7601,4452,,,
Gulu,32.28333333,2.783333333,1105,Uganda,sorghum,0.920375,5.267754461,4.347379461,5.396776343,4.476401343,13.96911583,2.440665197,2,0.082463963,0.080177647,0.132793658,7601,2847,,,
Jinja,33.18333333,0.511,1173,Uganda,sorghum,0.920375,5.312490691,4.392115691,5.770851743,4.850476743,15.54791585,2.693635411,2,0.154077146,0.027610154,0.132793658,7501,4369,,,
Kabale,30.01,-1.236,1869,Uganda,sorghum,0.920375,3.673355596,2.752980596,6.867281638,5.946906638,11.32754374,2.838164668,2,0.110030198,0.083160908,0.132793658,6501,10753,,,
Kitgum,32.8867,3.2783,953,Uganda,sorghum,0.920375,4.35068943,3.43031443,4.980642709,4.060267709,11.8827137,2.513751625,2,0.196721137,0.126429949,0.132793658,8401,30018,,,
Mbarara,30.68333333,-0.6,1402,Uganda,sorghum,0.920375,3.80757096,2.88719596,5.158959528,4.238584528,13.62576143,3.293651072,2,0.287741987,0.041545292,0.132793658,7401,35,,,
Soroti,33.61666667,1.716666667,1123,Uganda,sorghum,0.920375,4.046198944,3.125823944,4.719236317,3.798861317,12.14561275,2.762720887,2,0.209345996,0.065701459,0.132793658,8501,75145,,,
Tororo,34.16666667,0.683333333,1171,Uganda,sorghum,0.920375,5.603872007,4.683497007,5.704774643,4.784399643,14.56630207,2.392356615,2,0.04860733,0.027758587,0.132793658,7601,3715,,,
uga_rfso1,32.068,2.585660836,1053,Uganda,sorghum,0.920375,3.864385666,2.944010666,4.519444089,3.599069089,9.650432837,2.298429269,2,0.398352729,0.306729394,0.132793658,8501,18202,,,
uga_rfso2,31.22609045,3.061436142,722,Uganda,sorghum,0.920375,4.488413912,3.568038912,4.713798982,3.793423982,11.01843372,2.25939299,2,0.340037301,0.300936545,0.132793658,8401,22717,,,
uga_rfso3,31.88266673,1.991090304,1039,Uganda,sorghum,0.920375,3.812965493,2.892590493,4.267694579,3.347319579,10.76451427,2.598342376,2,0.411841791,0.354018115,0.132793658,7501,7006,,,
Bobo-Dioulasso,-4.317,11.167,445,Burkina Faso,rice,1.3,7.41358,6.11358,10.1519,8.8519,21.93295872,3.846029359,1,0.363178761,0.043414195,,10301,13283,,,
Boromo,-2.933,11.75,243,Burkina Faso,rice,1.3,4.40715725,3.10715725,10.59476,9.29476,12.6467984,3.730485886,1,0.646770282,0.08623655,,10201,7967,,,
Fada Ngourma,0.367,12.033,294,Burkina Faso,rice,1.6,4.893048,3.293048,11.171239,9.571239,14.86512189,4.860813757,1,0.236374884,0.04743597,,10201,10848,,,
Gaoua,-3.183,10.333,339,Burkina Faso,rice,1.3,6.367785,5.067785,10.838,9.538,18.33534566,3.743208879,1,0.391709578,0.060785758,,10301,4318,,,
Bouake,-5.074,7.739,9,Cote D'ivoire,rice,1.304,4.649559636,3.345559636,8.742208545,7.438208545,,,1,0.256680353,0.033486651,,9401,22586,,,
Daloa,-6.473,6.793,34,Cote D'ivoire,rice,1.145,4.646165455,3.501165455,8.395378182,7.250378182,,,1,0.478025775,0.040855916,,9601,21296,,,
Ferkessedougou,-5.2,9.6,6,Cote D'ivoire,rice,1.2,6.155043182,4.955043182,8.778363636,7.578363636,,,1,0.261762759,0.018299092,,10501,5023,,,
Gagnoa,-6.07,6.2,9,Cote D'ivoire,rice,1.704,8.087038727,6.383038727,8.379771636,6.675771636,,,1,0.074502733,0.038103999,,9701,13374,,,
Korhogo,-5.557,9.387,0,Cote D'ivoire,rice,1.275,6.900518182,5.625518182,8.906472727,7.631472727,,,1,0.269297656,0.019718766,,9501,22965,,,
Man,-7.7,7.28,784,Cote D'ivoire,rice,0.935,8.160391545,7.225391545,8.161995182,7.226995182,,,1,0.047908022,0.047832448,,8701,31841,,,
Odienne,-7.567,9.5,1,Cote D'ivoire,rice,1.704,7.636600909,5.932600909,9.316942545,7.612942545,,,1,0.16020536,0.023450766,,9501,10459,,,
Seguela,-6.67,7.95,1266,Cote D'ivoire,rice,1.023,6.414968455,5.391968455,8.967783091,7.944783091,,,1,0.307337705,0.021745821,,9501,34999,,,
Yamoussoukro,-5.366,6.903,5,Cote D'ivoire,rice,1.404,2.091747636,0.687747636,7.829408,6.425408,,,1,0.47564503,0.049299951,,9501,8539,,,
Bahir Dar,37.38,11.58,1790,Ethiopia,rice,2.3,6.73527075,4.43527075,7.88421,5.58421,20.10325231,6.864977226,1,0.442166681,0.372926289,,6601,472,,,
Gore,35.53,8.02,1880,Ethiopia,rice,2.5,8.84467,6.34467,8.875775,6.375775,29.29585801,8.280653211,1,0.487980602,0.489403398,,7801,136,,,
Bolgatanga,-0.867,10.8,180,Ghana,rice,1.2,9.0109575,7.8109575,9.482835,8.282835,21.91773874,2.918811512,1,0.108519536,0.067100605,,10301,44350,,,
Yendi,-0.004,9.432,197,Ghana,rice,1.2,6.43319,5.23319,10.49271,9.29271,17.03686621,3.177931858,1,0.505787029,0.039204632,,10401,28052,,,
Bougouni,-7.5,11.42,344,Mali,rice,2.7,7.617274375,4.917274375,11.47735875,8.77735875,18.43669115,6.535023377,1,0.281768469,0.082314151,,10301,10902,,,
Koutiala,-5.47,12.38,367,Mali,rice,2.7,5.442997188,2.742997188,11.27689,8.57689,13.71686712,6.804255072,1,0.500782795,0.114444034,,10201,17061,,,
Mopti,-4.1,14.52,272,Mali,rice,1.8,5.035055,3.235055,9.486985,7.686985,14.07912578,5.033197532,1,0.449618251,0.092628416,,10001,50731,,,
San,-4.83,13.33,284,Mali,rice,4.4,5.438296,1.038296,11.374745,6.974745,13.72724521,11.10639784,1,0.404437948,0.107379996,,10101,14334,,,
Sikasso,-5.68,11.35,375,Mali,rice,2.1,7.394470563,5.294470563,12.0203575,9.9203575,17.79097606,5.052565887,1,0.347724163,0.108002845,,9401,5489,,,
Abuja,7,9.25,344,Nigeria,rice,3,9.71334585,6.71334585,10.0016431,7.0016431,27.47245786,8.484962325,1,0.098383298,0.072731579,,10501,23101,,,
Bauchi,9.817,10.283,609,Nigeria,rice,1.7,7.0849769,5.3849769,10.061107,8.361107,21.06644915,5.054774921,1,0.314256297,0.087245874,,9301,11140,,,
Bida,6.017,9.1,143,Nigeria,rice,3,5.059466368,2.059466368,9.03123315,6.03123315,16.1550729,9.579116687,1,0.437257459,0.06814145,,10401,102236,,,
Enugu,7.55,6.467,140,Nigeria,rice,2.1,8.656787,6.556787,9.121612,7.021612,26.05194095,6.319790009,1,0.145180011,0.136118654,,9801,119443,,,
Ibi,9.75,8.183,111,Nigeria,rice,1.8,4.19687,2.39687,9.372486,7.572486,14.07045203,6.034691011,1,0.544991297,0.100016331,,10401,73039,,,
Kaduna,7.45,10.6,642,Nigeria,rice,1.9,9.794896,7.894896,10.117728,8.217728,28.33759857,5.496887081,1,0.103556324,0.071946564,,9401,73139,,,
Makurdi,8.617,7.683,97,Nigeria,rice,3,8.3381666,5.3381666,9.0882167,6.0882167,25.33810074,9.116428812,1,0.157016324,0.116209357,,10501,53123,,,
Yelwa,4.75,10.883,243,Nigeria,rice,2.2,6.7958651,4.5958651,9.190587,6.990587,20.30107252,6.571990302,1,0.415529586,0.062596728,,10301,52312,,,
Kolda,-14.95,12.91,34,Senegal,rice,0.912,8.484854545,7.572854545,8.742763636,7.830763636,,,1,0.103034299,0.022925532,,10301,2264,,,
Sedhiou,-15.557,12.708,40,Senegal,rice,0.734,8.626709091,7.892709091,8.943709091,8.209709091,,,1,0.127762881,0.01864407,,10401,2341,,,
Ziguinchor,-16.29,12.59,28,Senegal,rice,1.006,8.4417,7.4357,8.746472727,7.740472727,,,1,0.086526076,0.026945932,,9501,3303,,,
Ifakara,36.68,-8.14,,Tanzania,rice,3.1,9.049155,5.949155,11.16351,8.06351,24.43414517,8.37048874,1,0.257125701,0.137909459,,9801,11608,,,
MOROGORO,37.65,-6.821,526,Tanzania,rice,3.1,7.2830425,4.1830425,11.13945,8.03945,18.34896686,7.810169621,1,0.359454974,0.097650756,,8301,26133,,,
Mwanza,32.9167,-2.587,1140,Tanzania,rice,2.8,7.0659675,4.2659675,14.2987,11.4987,19.70069787,7.806709277,1,0.459676461,0.065613922,,7401,35418,,,
SONGEA,35.583,-10.667,1036,Tanzania,rice,1.8,8.523585,6.723585,11.026405,9.226405,26.27972947,5.549720339,1,0.257534341,0.125983306,,7601,15159,,,
Shinyanga,33.4333,-3.6667,1126,Tanzania,rice,2.8,8.275265,5.475265,14.9561,12.1561,19.23298767,6.507630325,1,0.527697417,0.058264758,,7201,17017,,,
Gulu,32.28333333,2.783333333,1105,Uganda,rice,1.6,7.4795184,5.8795184,10.8724242,9.2724242,20.71886776,4.432128734,1,0.321476045,0.048040342,,7601,1927,,,
Jinja,33.18333333,0.511,1173,Uganda,rice,1.9,5.47232185,3.57232185,12.3807425,10.4807425,15.9361084,5.53304553,2,0.301987288,0.061838193,,7501,3551,,,
Masindi,31.71666667,1.683333333,1147,Uganda,rice,1.6,2.86218075,1.26218075,10.9920725,9.3920725,9.825931775,5.492836481,2,0.667030469,0.072218977,,7601,809,,,
Namulonge,32.615,0.525,1160,Uganda,rice,1.9,6.0738605,4.1738605,11.2691975,9.3691975,19.33158666,6.047227239,2,0.253528162,0.059098788,,7501,111,,,
Soroti,33.61666667,1.716666667,1123,Uganda,rice,1.8,5.22661625,3.42661625,12.6507,10.8507,14.48586007,4.988800953,1,0.734650152,0.062172085,,8501,3858,,,
Tororo,34.16666667,0.683333333,1171,Uganda,rice,2.1,9.37240325,7.27240325,13.5079,11.4079,22.32170848,5.001448034,1,0.467599527,0.048335281,,7601,1117,,,
Kasama,31.13888889,-10.22138889,1384,Zambia,rice,1.7,10.59389,8.89389,14.74075,13.04075,24.87950888,3.9924112,1,0.31759082,0.112742889,,7601,366,,,
Mongu,23.1623,-15.2545,1053,Zambia,rice,1.1,7.84391925,6.74391925,13.24775,12.14775,15.34596552,2.152057095,1,0.503300284,0.108766671,,7301,5708,,,
Goodhope,25.26,-25.28,,Botswana,maize,0.250219307,1.99264214,1.742422833,9.894520196,9.644300888,6.94529709,0.872132226,1,0.695344424,0.19816955,0.560356928,6102,8152,12.07661903,20.12769839,33.73042444
Kanye,25.4,-25,,Botswana,maize,0.171145375,2.70007718,2.528931806,10.18780552,10.01666014,8.904558125,0.564418658,1,0.560531222,0.147472153,0.52000402,7102,10898,16.36410412,27.27350687,45.70552207
Bobo-Dioulasso,-4.317,11.167,445,Burkina Faso,maize,1.98,8.803804065,6.823804065,10.65789474,8.677894737,22.78542156,5.124504629,1,0.194382083,0.032700076,0.097585029,10301,158555,53.35638827,88.92731378,149.0262811
Bogandé,-0.137,12.974,281,Burkina Faso,maize,1.05,5.276038159,4.226038159,10.05555556,9.005555556,14.37025796,2.859867651,1,0.646119872,0.04814524,0.136544846,10101,32846,31.97598884,53.29331474,89.31006872
Boromo,-2.933,11.75,243,Burkina Faso,maize,1.92,8.38019802,6.46019802,10.07777778,8.157777778,22.4851017,5.151596079,1,0.2402371,0.057814993,0.097593537,10201,161472,50.78907891,84.64846485,141.8556952
Dédougou,-3.483,12.467,299,Burkina Faso,maize,1.71,5.845894737,4.135894737,10.05789474,8.347894737,15.6074678,4.565386674,1,0.571344008,0.048176765,0.108358223,10201,58791,35.42966507,59.04944179,98.95630867
Fada Ngourma,0.367,12.033,294,Burkina Faso,maize,1.41,6.625925926,5.215925926,10.41666667,9.006666667,18.45098498,3.926377855,1,0.411372237,0.047631527,0.070526874,10201,48289,40.15712682,66.92854471,112.1602767
Gaoua,-3.183,10.333,339,Burkina Faso,maize,1.4,7.239157895,5.839157895,10.2,8.8,20.07881609,3.883095649,1,0.384122283,0.052287582,0.138832188,10301,69329,43.87368421,73.12280702,122.540753
Ouahigouya,-2.417,13.567,315,Burkina Faso,maize,1.11,6.328666667,5.218666667,9.911111111,8.801111111,17.25960206,3.027202932,1,0.463827931,0.052699702,0.252859272,10101,18474,38.35555556,63.92592593,107.1284244
Adet,37.48,11.27,2240,Ethiopia,maize,3.19,16.98526316,13.79526316,17.49473684,14.30473684,21.79626286,4.09355321,1,0.092815425,0.050678818,0.248355539,6701,93969,102.9409888,171.5683147,287.5178257
Ambo,37.835,8.96,2100,Ethiopia,maize,2.98,16.18831579,13.20831579,17.34736842,14.36736842,21.06888618,3.878431928,1,0.124380481,0.084968792,0.230761467,5501,31989,98.11100478,163.5183413,274.0275093
Arbaminch,37.4,6.05,1280,Ethiopia,maize,2.19,9.252631579,7.062631579,17.98947368,15.79947368,15.90431377,3.764382798,1,0.489253112,0.047236945,0.425336195,5801,3755,56.07655502,93.46092504,156.6238032
Areka,37.45,7.04,1801,Ethiopia,maize,2.444444444,15.59715789,13.15271345,17.10526316,14.66081871,26.46574963,4.14781046,1,0.126219897,0.03422615,0.336793337,7401,1457,94.52822967,157.5470494,264.0206915
Assosa,34.52,10.07,1575,Ethiopia,maize,2.75,18.05736842,15.30736842,18.81052632,16.06052632,29.27571476,4.458468903,1,0.153345106,0.076319837,0.300474067,7501,16198,109.4385965,182.3976608,305.6658739
Ayira,35.33,9.06,1700,Ethiopia,maize,2.91,18.75663158,15.84663158,18.74210526,15.83210526,27.74486022,4.304479879,1,0.106622728,0.106419457,0.294032618,7701,59481,113.676555,189.460925,317.5026421
Bahir Dar,37.38,11.58,1790,Ethiopia,maize,2.77,11.46263158,8.692631579,11.97368421,9.203684211,19.95510176,4.822246227,1,0.083100243,0.052661917,0.299660736,6601,25979,69.47049442,115.7841574,194.03355
Bako,37.03,9.07,1650,Ethiopia,maize,3.31,15.83476874,12.52476874,16.22105263,12.91105263,22.79908702,4.765777087,1,0.100776239,0.073450302,0.268506627,6501,25448,95.96829539,159.947159,268.0428461
Butajira,38.22,8.08,1840,Ethiopia,maize,2.71,14.68035435,11.97035435,14.88947368,12.17947368,21.17140399,3.908250675,1,0.086068043,0.073908039,0.231065594,5701,1226,88.97184455,148.2864076,248.5015112
Debre Markos,37.736,10.33,2470,Ethiopia,maize,2.77,12.56480595,9.794805954,13.15263158,10.38263158,20.49944973,4.519248125,1,0.112431894,0.085094016,0.277062583,6601,14932,76.15033912,126.9172319,212.6905927
Gore,35.53,8.02,1880,Ethiopia,maize,2.59,15.43131579,12.84131579,15.49473684,12.90473684,26.28532971,4.411743293,1,0.080546788,0.08992902,0.249857304,7801,15276,93.523126,155.8718767,261.2134014
Haramaya,42.03,9.4,1980,Ethiopia,maize,2.47,11.88094737,9.410947368,17.60526316,15.13526316,17.22174132,3.580329056,1,0.356443126,0.063856763,0.295080944,6301,9569,72.00574163,120.0095694,201.1145852
Harar,42.1,9.31,1840,Ethiopia,maize,2.31,11.40721053,9.097210526,17.90526316,15.59526316,17.39519341,3.522587463,1,0.311450282,0.044073308,0.400650591,7201,11663,69.13460925,115.2243488,193.0954108
Jimma,36.43,7.84,1750,Ethiopia,maize,2.52,16.16143825,13.64143825,16.28421053,13.76421053,24.25649962,3.78223634,1,0.089319248,0.09120551,0.265738074,6801,132983,97.9481106,163.246851,273.57254
Kulumsa,39.15,8,2200,Ethiopia,maize,2.54,11.16552632,8.625526316,14.43157895,11.89157895,16.1095463,3.664694922,1,0.227325153,0.058480589,0.247053997,5501,36956,67.66985646,112.7830941,189.0043044
Melkassa,39.33,8.4,1550,Ethiopia,maize,3.02,8.320833333,5.300833333,12.77777778,9.757777778,16.40813659,5.955241562,1,0.311232333,0.038298052,0.2345572,7201,25323,50.42929293,84.04882155,140.8508002
Nekemte,36.54,9.09,2110,Ethiopia,maize,3.35,12.86315789,9.513157895,12.86315789,9.513157895,20.22769164,5.267972885,1,0.04890852,0.04890852,0.248258208,6801,45680,77.9585327,129.9308878,217.7409414
Pawe,36.403,11.31,1100,Ethiopia,maize,3.03,12.78205263,9.752052632,13.45263158,10.42263158,24.79046468,5.876607627,1,0.073242888,0.04631411,0.231311047,8601,2349,77.46698565,129.1116427,216.3680331
Shambu,37.1212,9.57117,2550,Ethiopia,maize,3.525,10.21857895,6.693578947,10.22105263,6.696052632,17.94824028,6.191423222,1,0.085530119,0.085203918,0.157403903,5801,3839,61.9307815,103.2179692,172.9748649
Shire Endasilasse,38.334,14.1,1920,Ethiopia,maize,2.32,8.384210526,6.064210526,8.384210526,6.064210526,17.3747246,4.807770623,1,0.079042331,0.079042331,0.303293674,7201,3384,50.81339713,84.68899522,141.9236169
Woliso,37.97,8.55,2060,Ethiopia,maize,2.86,18.53015789,15.67015789,19.56842105,16.70842105,26.26822026,4.054315693,1,0.150498563,0.081356192,0.173812139,6501,19185,112.3039872,187.1733121,313.6690117
Wolkite,37.78,8.27,1880,Ethiopia,maize,2.54,15.82584211,13.28584211,19.52631579,16.98631579,24.03659304,3.8578008,1,0.273112856,0.059475696,0.485102994,6501,7723,95.91419458,159.856991,267.8917406
Bolgatanga,-0.867,10.8,180,Ghana,maize,1.8375,9.2749,7.4374,14.3,12.4625,20.8698143,4.13463043,1,0.370786739,0.060198891,0.100506771,10301,54848,56.21151515,93.68585859,157.0007516
Kete-Krachie,-0.051,7.801,87,Ghana,maize,1.5875,7.504111386,5.916611386,13.72589109,12.13839109,16.55884484,3.503035181,1.208536585,0.464994024,0.044567912,0.241486118,10501,30620,45.47946295,75.79910491,127.0257499
Koforidua,-0.262,6.08,172,Ghana,maize,2.5625,10.15443835,7.591938348,15.01584823,12.45334823,24.28439405,6.128232565,1.208536585,0.298593028,0.028852068,0.11221027,9601,29501,61.5420506,102.5700843,171.8891258
Sefwi- Bekwai,-2.3333,6.2,172,Ghana,maize,1.3,11.13352,9.83352,14.272,12.972,24.53843431,2.865218243,1,0.241564647,0.036817068,0.108785659,9701,57765,67.47587879,112.459798,188.4625179
Sunyani,-2.333,7.333,309,Ghana,maize,1.825,9.563375,7.738375,15.5575,13.7325,21.52481746,4.107628517,1.9,0.219636746,0.093177988,0.151483385,9501,195851,57.95984848,96.59974747,161.8839085
Wa,-2.5,10.067,323,Ghana,maize,1.5875,10.76965,9.18215,15.175,13.5875,21.32393999,3.143254862,1,0.42711011,0.052756208,0.514443348,10301,51654,65.27060606,108.7843434,182.3031132
Yendi,-0.004,9.432,197,Ghana,maize,1.725,9.980421053,8.255421053,14.09473684,12.36973684,21.29387834,3.680399848,1,0.301794132,0.071828826,0.174601811,10401,45676,60.48740032,100.8123339,168.9434502
Dagoretti,36.45,-1.241,1798,Kenya,maize,1.011878571,3.143593833,2.131715262,9.215789474,8.203910902,9.526964179,3.066595564,1,0.730004073,0.094959569,0.819006774,7201,3571,19.05208384,31.75347306,53.21314456
Eldoret,35.3,0.483,2120,Kenya,maize,3.714356974,13.72209484,10.00773787,21.41578947,17.7014325,28.08164244,7.601262464,1,0.349930141,0.054571651,0.141711706,6401,3602,83.16421116,138.6070186,232.2805856
Kakamega,34.46,0.17,1530,Kenya,maize,2.485714286,12.471675,9.985960714,15.02,12.53428571,20.93048952,4.171630259,1.95,0.151018519,0.037247938,0.091232804,7701,186598,75.58590909,125.9765152,211.1141197
Kericho,35.16,-0.22,2093,Kenya,maize,2.414285714,13.07184211,10.65755639,14.98421053,12.56992481,19.42198286,3.587116137,1,0.196035866,0.066337642,0.233609188,7501,44039,79.22328549,132.0388091,221.2734407
Kisii,34.7886,-0.6831,1171,Kenya,maize,1.785714286,12.7001,10.91438571,14.965,13.17928571,21.99878054,3.093167508,1.95,0.151919029,0.038388184,0.215505607,6801,47986,76.97030303,128.2838384,214.9807809
Kisumu,34.7349,-0.072,1146,Kenya,maize,1.557142857,9.026175,7.469032143,19.155,17.59785714,15.02012416,2.591183868,1.95,0.418489329,0.042352028,0.512230134,7601,68531,54.70409091,91.17348485,152.7904623
Kitale,34.9588,0.9733,1850,Kenya,maize,4.127778479,14.21345,10.08567152,19.65,15.52222152,20.2422111,5.878612396,1,0.401394388,0.047953265,0.113305934,6401,138755,86.14212121,143.570202,240.5979938
Nakuru,36.6,-0.155,1901,Kenya,maize,2.4,4.815151515,2.415151515,13.48421053,11.08421053,10.51233126,5.239626404,1,0.743862225,0.058616925,0.241762433,5401,33322,29.18273646,48.63789409,81.50841592
Bougouni,-7.5,11.42,344,Mali,maize,2.072833333,15.40586667,13.33303333,15.86,13.78716667,28.05693498,3.775013203,1,0.05862672,0.041605934,0.227662747,10301,161683,93.36888889,155.6148148,260.7826117
Dag Dag,-11.4,14.48,47,Mali,maize,1.6037,6.5075,4.9038,10.75555556,9.151855556,17.19597257,4.237753548,1,0.525324542,0.086175778,0.704277436,10101,7848,39.43939394,65.73232323,110.1556233
Koutiala,-5.47,12.38,367,Mali,maize,2.333333333,8.844842105,6.511508772,16.77894737,14.44561404,17.21562818,4.541607256,1,0.721314364,0.059485115,,10201,192995,53.60510367,89.34183945,149.720952
San,-4.83,13.33,284,Mali,maize,1.3634,5.078111111,3.714711111,10.63333333,9.269933333,13.66122381,3.667842656,1,0.61870303,0.066342417,0.484035156,10101,74140,30.77643098,51.29405163,85.95966113
Segou,-6.15,13.4,289,Mali,maize,1.3709,6.139833333,4.768933333,10.64444444,9.273544444,15.97807859,3.567580218,1,0.543456016,0.093792089,0.471365721,10101,42229,37.21111111,62.01851852,103.9319505
Senou,-7.95,12.53,381,Mali,maize,1.5238,12.90938889,11.38558889,15.86111111,14.33731111,25.25984833,2.981625019,1,0.200295822,0.059543083,0.529823561,10201,43403,78.23872054,130.3978676,218.5235159
Sikasso,-5.68,11.35,375,Mali,maize,2.072833333,16.34305263,14.2702193,17.1,15.02716667,29.7558738,3.774017527,1,0.085185355,0.057661596,0.227662747,9401,27742,99.04880383,165.0813397,276.6468152
Akure,5.301,7.2467,335,Nigeria,maize,2.522222222,9.709052632,7.186830409,15.39473684,12.87251462,21.74456253,5.6488126,1,0.508737971,0.048196641,0.435120995,9701,72716,58.84274322,98.0712387,164.3498647
Awka,7.05,6.2,3525,Nigeria,maize,1.8,14.01936842,12.21936842,14.63157895,12.83157895,30.04386982,3.857446645,1,0.064154402,0.049863087,0.087841046,9801,109619,84.96586922,141.609782,237.3126803
Bauchi,9.817,10.283,609,Nigeria,maize,2.2,12.53272727,10.33272727,14.49,12.29,24.67618174,4.331666894,1,0.257135472,0.054978445,0.346171505,9301,62124,75.95592287,126.5932048,212.1475812
Benin,5.57,6.317,79,Nigeria,maize,2.177777778,9.321842105,7.144064327,14.72105263,12.54327485,21.82064629,5.097760514,1,0.438676685,0.052402454,0.298273091,10901,22096,56.49601276,94.16002127,157.7953635
Bida,6.017,9.1,143,Nigeria,maize,2.111111111,11.19478895,9.083677841,14.65263158,12.54152047,22.97340873,4.332320925,1,0.307704885,0.06354962,0.193058199,10401,166208,67.84720577,113.0786763,189.4996474
Ibi,9.75,8.183,111,Nigeria,maize,2.055555556,8.083684211,6.028128655,14.88421053,12.82865497,17.68969292,4.498214628,1,0.609407119,0.067195112,0.121891592,10401,118554,48.99202552,81.65337586,136.8364615
Kaduna,7.45,10.6,642,Nigeria,maize,2.266666667,13.60875,11.34208333,13.825,11.55833333,26.6208341,4.433952956,1,0.056195005,0.055726848,0.151227675,9401,87181,82.47727273,137.4621212,230.3619422
Kano,8.533,12.05,481,Nigeria,maize,2.166666667,7.09035,4.923683333,10.66,8.493333333,17.35576803,5.30356951,1,0.537890424,0.059126469,0.136524918,9101,121107,42.97181818,71.61969697,120.0218093
Katsina,7.617,13.017,427,Nigeria,maize,1.7,6.988157895,5.288157895,11.49473684,9.794736842,17.1382789,4.169206616,1,0.691912399,0.072233955,0.238942306,10101,26800,42.35247209,70.58745348,118.2919537
Lokoja,6.733,7.8,44,Nigeria,maize,1.944444444,12.27415789,10.32971345,14.69473684,12.7502924,25.68673397,4.069234533,1,0.226898021,0.064975445,0.281816267,10501,99406,74.38883573,123.9813929,207.7706514
Maidu,13.083,11.85,354,Nigeria,maize,2.088888889,6.242388889,4.1535,11.1,9.011111111,15.7429822,5.268069833,1,0.273639753,0.051056246,0.78714868,10101,84227,37.83265993,63.05443322,105.6679584
Oshogbo,4.483,7.783,304,Nigeria,maize,1.877777778,13.83684211,11.95906433,14.88421053,13.00643275,30.54638825,4.145406055,1,0.128255799,0.079186958,0.17817923,9501,194868,83.85964912,139.7660819,234.2229684
Yelwa,4.75,10.883,243,Nigeria,maize,1.966666667,9.57905,7.612383333,15.065,13.09833333,20.00126517,4.106442862,1,0.62446879,0.053852342,0.249100652,10301,80806,58.05484848,96.75808081,162.1492468
nig_rfmz1,7.58368259,4.704867512,27,Nigeria,maize,1.638544444,10.50257576,8.864031313,13.095,11.45645556,26.16378549,4.081905843,1,0.406333923,0.05025791,0.160009784,9901,95004,63.65197429,106.0866238,177.7822173
nig_rfmz2,7.266144284,8.203596328,88,Nigeria,maize,2.073422222,13.50895,11.43552778,15.82,13.74657778,28.2048787,4.329027961,1,0.321579517,0.035910197,0.2679188,9501,75834,81.87242424,136.4540404,228.672579
nig_rfmz3,5.896282385,4.704867512,20,Nigeria,maize,1.756722222,6.2255,4.468777778,12.6,10.84327778,17.15163845,4.839878631,1,0.698321244,0.056414179,0.156165854,9901,87073,37.73030303,62.88383838,105.3820719
Arusha,36.633,-3.321,1387,Tanzania,maize,0.944444444,4.425684211,3.481239766,11.3,10.35555556,12.32327799,2.629797085,1,0.35716727,0.074742534,0.729957102,6501,6684,26.82232855,44.70388091,74.91571309
DODOMA,35.7667,-6.1667,1120,Tanzania,maize,1.725,3.835526316,2.110526316,14.76842105,13.04342105,9.628949989,4.330550064,1,0.786437644,0.052935474,0.727200437,7101,51136,23.24561404,38.74269006,64.92582284
KIA,37.0745,-3.4294,896,Tanzania,maize,1.46,2.589894737,1.129894737,15.02631579,13.56631579,8.197898459,4.621396994,1,0.808775876,0.054239975,0.630732298,7201,34373,15.69633174,26.1605529,43.84041016
KIGOMA,29.76,-4.8833,885,Tanzania,maize,1.844444444,12.77012228,10.92567783,15.61052632,13.76608187,23.00622147,3.322888886,1,0.268900921,0.064197797,0.556291951,7501,54890,77.39468046,128.9911341,216.1660821
Shinyanga,33.4333,-3.6667,1126,Tanzania,maize,1.3,4.170453361,2.870453361,10.77368421,9.473684211,11.70273262,3.647937308,1,0.458258882,0.053664095,0.574353251,7201,107804,25.27547492,42.12579153,70.59529613
Singida,34.733,-4.817,1524,Tanzania,maize,0.95,6.08,5.13,20.51578947,19.56578947,12.82520944,2.003938975,1,0.620948859,0.046872795,0.369172167,7201,96498,36.84848485,61.41414141,102.9191225
Solesia,31.95,-8.77,,Tanzania,maize,2.088888889,13.01885,10.92996111,13.24,11.15111111,27.69855904,4.444264449,1,0.103490063,0.063163331,0.157769042,7401,57024,78.90212121,131.5035354,220.3764175
Sumbawanga,31.57,-8,,Tanzania,maize,2.366666667,15.82625,13.45958333,16.345,13.97833333,29.19143502,4.365304239,1,0.106813236,0.059299537,0.275459257,6401,62700,95.91666667,159.8611111,267.8986452
tan_rfmz1,33.62356705,-2.689588813,1213,Tanzania,maize,2.522222222,3.01595,0.493727778,8.395,5.872777778,9.174859462,7.672883974,1,0.680438517,0.063087851,0.425070186,7301,182002,18.27848485,30.46414141,51.0524552
tan_rfmz3,31.5156132,-2.629463008,1216,Tanzania,maize,2.233333333,4.83295,2.599616667,6.22,3.986666667,14.81184713,6.844637731,1,0.234442411,0.062288457,1.204802153,7401,123436,29.29060606,48.81767677,81.80969955
tan_rfmz4,30.87034241,-4.735190291,1107,Tanzania,maize,1.655555556,12.10540404,10.44984848,13.09,11.43444444,24.39155175,3.335829921,1,0.129942162,0.070274791,0.306675427,7401,53113,73.36608509,122.2768085,204.9140727
tan_rfmz5,32.28683039,-3.651871512,1193,Tanzania,maize,1.222222222,7.47225,6.250027778,17.395,16.17277778,13.94330689,2.280681124,1,0.787410408,0.084169221,0.254748296,7301,196505,45.28636364,75.47727273,126.4864167
tan_rfmz6,31.90635846,-5.879807347,1105,Tanzania,maize,1.816666667,12.6392,10.82253333,18.7,16.88333333,21.68157134,3.116351346,1,0.386012807,0.073322509,0.224048644,7301,40901,76.60121212,127.6686869,213.949897
tan_rfmz8,34.20616051,-1.908077887,1336,Tanzania,maize,1.977777778,6.19055,4.212772222,18.38,16.40222222,13.25404961,4.234448438,1,0.74683582,0.065302673,0.601333577,7401,67496,37.51848485,62.53080808,104.7904562
tan_rfmz9,35.28818635,-8.717930779,1242,Tanzania,maize,1.566666667,16.1717,14.60503333,17.13,15.56333333,27.8135893,2.694498614,1,0.136962233,0.060729333,0.272680971,7501,424,98.01030303,163.3505051,273.7462457
Arua,30.91666667,3.05,1211,Uganda,maize,1.2,7.992575,6.792575,14.04,12.84,16.24450088,2.438938772,1.95,0.382527324,0.041088254,,7601,5230,48.43984848,80.73308081,135.2942115
Bulindi,31.44056,1.47639,1209,Uganda,maize,1.65,5.656925,4.006925,10.635,8.985,12.186017,3.554391839,1.95,0.398225847,0.033974676,,7601,9533,34.28439394,57.14065657,95.75752586
Gulu,32.28333333,2.783333333,1105,Uganda,maize,1.15,12.87903465,11.72903465,15.67,14.52,22.2507722,1.986825001,1.95,0.159252672,0.035340827,,7601,3859,78.05475548,130.0912591,218.009695
Kabale,30.01,-1.236,1869,Uganda,maize,1.15,3.49825,2.34825,6.81,5.66,10.08401086,3.314975341,1.95,0.260193245,0.055641428,,6501,5475,21.20151515,35.33585859,59.2165823
Kitgum,32.8867,3.2783,953,Uganda,maize,1.15,7.21,6.06,15.8775,14.7275,14.378092,2.293315644,1.95,0.333617099,0.041090826,,8401,14009,43.6969697,72.82828283,122.0471831
Lira,32.93333333,2.35,1091,Uganda,maize,1.15,10.19318182,9.043181818,14.535,13.385,18.49408578,2.086512241,1.95,0.232266082,0.032617264,,8501,64084,61.7768595,102.9614325,172.5449554
Mbarara,30.68333333,-0.6,1402,Uganda,maize,1.7,4.71395,3.01395,11.83,10.13,12.34410707,4.451676835,1.95,0.276401655,0.038940248,,7401,18911,28.56939394,47.61565657,79.79532856
Namulonge,32.615,0.525,1160,Uganda,maize,1.6,7.75719697,6.15719697,13.0225,11.4225,16.88373936,3.482441284,1.95,0.276127429,0.04398004,,7501,171144,47.01331497,78.35552495,131.3098529
Soroti,33.61666667,1.716666667,1123,Uganda,maize,0.75,9.054575,8.304575,16.0975,15.3475,17.17486931,1.422612545,1.95,0.318772763,0.036145184,,8501,36065,54.87621212,91.46035354,153.2712029
Tororo,34.16666667,0.683333333,1171,Uganda,maize,1.2,11.3122,10.1122,15.1025,13.9025,21.23283419,2.252382474,1.95,0.22893696,0.021602559,,7601,87306,68.55878788,114.2646465,191.4871214
uga_rfmz1,31.67768142,1.877807089,1044,Uganda,maize,1.6,4.183477633,2.583477633,13.8952381,12.2952381,9.856437995,3.769662987,1.952380952,0.701256558,0.048915197,,7501,104746,25.3544099,42.25734983,70.81576434
uga_rfmz3,32.1035848,2.418818597,986,Uganda,maize,1.15,5.836,4.686,15.12857143,13.97857143,11.85607028,2.336271559,1.952380952,0.765397988,0.079564661,,8501,7408,35.36969697,58.94949495,98.78881564
uga_rfmz5,34.03833584,1.998022138,1071,Uganda,maize,0.75,2.241510342,1.491510342,12.30714286,11.55714286,5.859510627,1.960567787,1.952380952,1.033194019,0.054631898,,8401,9176,13.58491116,22.6415186,37.94313775
Chipata,32.58972222,-13.56222222,1032,Zambia,maize,2.985714286,14.08042105,11.09470677,16.72631579,13.7406015,24.48773143,5.192555627,1,0.286224946,0.062158372,0.421188538,7401,84184,85.33588517,142.2264753,238.346148
Choma,26.988,-16.81166667,1278,Zambia,maize,3.085714286,9.279736842,6.194022556,13.37894737,10.29323308,19.62332541,6.525182404,1,0.420163819,0.065188137,0.589431431,7301,49218,56.24082935,93.73471558,157.0826272
Kabwe,28.45111111,-14.44388889,1207,Zambia,maize,3.75,13.39831579,9.648315789,17.2,13.45,23.19206434,6.491132365,1,0.267802102,0.063304198,0.670548697,7301,87976,81.20191388,135.3365231,226.7998198
Kasama,31.13888889,-10.22138889,1384,Zambia,maize,4.3,18.63821053,14.33821053,18.64736842,14.34736842,26.14510732,6.031907479,1,0.064527443,0.065126379,0.310851747,7601,12894,112.9588517,188.2647528,315.4980712
Livingstone,25.86583333,-17.735,986,Zambia,maize,0.871428571,6.650442939,5.779014368,17.91578947,17.0443609,13.0877351,1.714927322,1,0.854582456,0.069447941,0.774666056,7201,40843,40.30571478,67.1761913,112.5752881
Mansa,28.85,-11.1,1384,Zambia,maize,3.628571429,17.96552632,14.33695489,18.15263158,14.52406015,25.98475315,5.248247739,1,0.073691235,0.076847175,0.341151823,7501,7422,108.8819777,181.4699628,304.1112178
Mongu,23.1623,-15.2545,1053,Zambia,maize,0.66,11.31184211,10.65184211,17.08421053,16.42421053,19.62041548,1.144771479,1,0.365916614,0.074788294,0.380300012,7301,14203,68.55661882,114.2610314,191.4810631
Mpika,31.45444444,-11.83805556,1402,Zambia,maize,4.242857143,15.93742105,11.69456391,16.8,12.55714286,26.15517772,6.963026343,1,0.129318259,0.067780519,0.410682406,7501,9402,96.59043062,160.984051,269.7804918
Mumbwa,27.1833,-15.0667,1218,Zambia,maize,3.285714286,11.53452632,8.24881203,16.5,13.21428571,21.22748249,6.046840639,1,0.457475757,0.070649327,0.690547393,7301,52447,69.9062201,116.5103668,195.2505472
zam_rfmz1,32.90881618,-10.65747293,717,Zambia,maize,2.16,14.7292,12.5692,16.065,13.905,27.68068938,4.059303226,1,0.145937735,0.07554557,0.211143597,7301,2197,89.26787879,148.779798,249.3283453
zam_rfmz2,32.10014612,-11.56912128,1081,Zambia,maize,4.242857143,19.72594059,15.48308345,20.31,16.06714286,29.52194191,6.34988134,1,0.092662719,0.057749663,0.410682406,7401,2431,119.5511551,199.2519252,333.9106081
Bobo-Dioulasso,-4.317,11.167,445,Burkina Faso,millet,0.822403874,5.409493511,4.587089637,5.660274306,4.837870432,14.22598422,2.162772634,1,0.098903411,0.030465028,0.217747987,10301,27208,,,
Bogandé,-0.137,12.974,281,Burkina Faso,millet,0.684010485,2.990438415,2.306427929,4.19042873,3.506418245,9.713214457,2.221727925,1,0.314804383,0.064627619,0.195619801,10101,89144,,,
Boromo,-2.933,11.75,243,Burkina Faso,millet,0.953076494,5.03612794,4.083051447,5.442717405,4.489640911,13.25604399,2.508678112,1,0.080775216,0.046308759,0.328796984,10201,91640,,,
Dori,-0.0333,14.0333,288,Burkina Faso,millet,0.668488468,1.916420464,1.247931996,5.040290135,4.371801667,6.462803692,2.254364228,1,0.595370289,0.15131899,0.218453456,10001,133056,,,
Dédougou,-3.483,12.467,299,Burkina Faso,millet,0.99248333,3.202433502,2.209950172,5.188303514,4.195820184,8.795999576,2.72601537,1,0.446605212,0.075383523,0.124731607,10201,37943,,,
Fada Ngourma,0.367,12.033,294,Burkina Faso,millet,0.765633473,3.436115394,2.670481922,4.301383237,3.535749764,11.23046226,2.502365849,1,0.223441206,0.047869724,0.305535408,10201,62656,,,
Gaoua,-3.183,10.333,339,Burkina Faso,millet,0.637541748,5.072042538,4.43450079,5.110987479,4.473445731,14.5378839,1.827371882,1,0.066650007,0.063027521,0.275810673,10301,50149,,,
Ouahigouya,-2.417,13.567,315,Burkina Faso,millet,0.818752103,3.161313557,2.342561454,4.313675174,3.494923071,9.84091669,2.548709924,1,0.362494947,0.060418521,0.147131723,10101,116859,,,
Pô,-1.15,11.15,322,Burkina Faso,millet,0.983712662,4.441649371,3.457936709,5.553186541,4.569473879,12.32117379,2.728827437,1,0.209376601,0.038961588,0.06919157,10201,77027,,,
bur_rfmt1,-1.728960003,14.02030566,308,Burkina Faso,millet,0.584460778,2.64131419,2.056853411,4.374257468,3.78979669,7.047732826,1.559497703,1,0.486829423,0.105138985,0.12811865,10001,160566,,,
Adet,37.48,11.27,2240,Ethiopia,millet,1.704166667,5.460697674,3.756531008,6.022151163,4.317984496,10.53178684,3.286744871,1,0.362826942,0.238230413,0.208068812,6701,43550,,,
Assosa,34.52,10.07,1575,Ethiopia,millet,1.235666667,6.326214032,5.090547366,6.342325581,5.106658915,13.36317673,2.610160194,1,0.101250959,0.099537849,0.319221383,7501,6257,,,
Ayira,35.33,9.06,1700,Ethiopia,millet,1.850833333,5.950999446,4.100166113,6.084767442,4.233934109,12.23071523,3.803901454,1,0.149374163,0.101540143,0.356663972,7701,28663,,,
Bahir Dar,37.38,11.58,1790,Ethiopia,millet,1.924333333,3.223575033,1.2992417,4.204534884,2.28020155,8.185380776,4.886314391,1,0.500232206,0.350419655,0.16660405,6601,12557,,,
Gelemso,40.525,8.809,1810,Ethiopia,millet,1.841833333,5.175779754,3.33394642,7.05627907,5.214445736,11.00401035,3.915845347,1,0.387774549,0.079343337,0.168580557,7401,440,,,
Gondar,37.4715,12.59,1967,Ethiopia,millet,2.289833333,3.69690875,1.407075417,4.269883721,1.980050388,10.04921522,6.224397066,1,0.433548928,0.276940775,0.044374354,7501,13956,,,
Gore,35.53,8.02,1880,Ethiopia,millet,1.5175,5.743184755,4.225684755,5.746802326,4.229302326,14.22356355,3.758238436,1,0.120052556,0.12090554,0.161069013,7801,3143,,,
Kobo,39.63,12.15,1500,Ethiopia,millet,1.5174,1.165813953,0,2.834825581,1.317425581,3.558880717,4.63216758,1,0.626937253,0.470099549,0.486278003,7201,258,,,
Melkassa,39.33,8.4,1550,Ethiopia,millet,1.9734,1.901179245,0,5.469709302,3.496309302,5.384526154,5.589070015,1,1.095215292,0.308422929,0.12947996,7201,1058,,,
Nekemte,36.54,9.09,2110,Ethiopia,millet,2.243666667,7.197997674,4.954331008,7.240465116,4.99679845,15.19675738,4.73693651,1,0.081368648,0.079223446,0.140889584,6801,7814,,,
Pawe,36.403,11.31,1100,Ethiopia,millet,1.896166667,5.035639535,3.139472868,5.148139535,3.251972868,8.730551192,3.287483156,1,0.07230065,0.056409621,0.148773334,8601,2272,,,
Shire Endasilasse,38.334,14.1,1920,Ethiopia,millet,2.227666667,3.633846899,1.406180233,5.74622093,3.518554264,9.061498442,5.554994085,1,0.341145265,0.087290696,0.098660529,7201,40219,,,
Bolgatanga,-0.867,10.8,180,Ghana,millet,1.069331566,3.001232506,1.931900939,3.859579093,2.790247527,7.971895805,2.840366353,1,0.307176448,0.119821146,0.130122437,10301,50094,,,
Wa,-2.5,10.067,323,Ghana,millet,0.862180962,4.787323915,3.925142953,4.991032351,4.128851389,10.50150617,1.891285997,1,0.132126012,0.078071805,0.350003413,10301,54882,,,
Yendi,-0.004,9.432,197,Ghana,millet,1.3913994,4.553947786,3.162548386,4.797029872,3.405630472,10.17060839,3.107496852,1,0.202125279,0.181563422,0.196105907,10401,19590,,,
Eldoret,35.3,0.483,2120,Kenya,millet,0.9285875,6.178312377,5.249724877,6.691004286,5.762416786,14.15866605,2.128018059,1,0.231056307,0.131554294,0.144099592,6401,701,,,
Embu,37.575,-0.485,1350,Kenya,millet,0.9285875,2.305002493,1.376414993,6.880533962,5.951946462,7.728877843,3.113636266,1,0.63909801,0.117526838,0.144099592,7401,868,,,
Kakamega,34.46,0.17,1530,Kenya,millet,0.9285875,4.517102048,3.588514548,4.613307121,3.684719621,11.20913209,2.304278236,1,0.125484805,0.108564679,0.144099592,7701,9906,,,
Kericho,35.16,-0.22,2093,Kenya,millet,0.9285875,8.13078508,7.20219758,8.46065393,7.53206643,12.05049878,1.376243798,1,0.094085588,0.051840808,0.144099592,7501,1125,,,
Kisii,34.7886,-0.6831,1171,Kenya,millet,0.9285875,4.680971416,3.752383916,5.908590523,4.980003023,7.934639278,1.57403372,1,0.336704646,0.112538204,0.144099592,6801,4862,,,
Kisumu,34.7349,-0.072,1146,Kenya,millet,0.9285875,3.897417574,2.968830074,4.258507285,3.329919785,8.480010982,2.020423024,1,0.187009338,0.083007684,0.144099592,7601,1566,,,
Kitale,34.9588,0.9733,1850,Kenya,millet,0.9285875,6.947697561,6.019110061,7.029600589,6.101013089,11.58146757,1.54790935,1,0.114737526,0.098603967,0.144099592,6401,630,,,
Nakuru,36.6,-0.155,1901,Kenya,millet,0.9285875,4.567964114,3.639376614,7.614946711,6.686359211,8.947886961,1.818949487,1,0.587784741,0.044426911,0.144099592,5401,87,,,
Dag Dag,-11.4,14.48,47,Mali,millet,0.8946375,3.570194227,2.675556727,4.76913333,3.87449583,9.149146655,2.292639887,1,0.424950609,0.077942392,0.103151808,10101,46579,,,
Hombori,-1.68,15.33,288,Mali,millet,0.8946375,2.515051153,1.620413653,5.097196586,4.202559086,7.626721552,2.712927367,1,0.655714217,0.116513658,0.103151808,10001,43,,,
Koutiala,-5.47,12.38,367,Mali,millet,0.8946375,5.326424543,4.431787043,5.374405937,4.479768437,12.84416183,2.15733251,1,0.078179725,0.080037329,0.103151808,10201,157922,,,
Mopti,-4.1,14.52,272,Mali,millet,0.8946375,2.318160873,1.423523373,4.612756016,3.718118516,6.656677336,2.568981834,1,0.543787537,0.088161251,0.103151808,10001,109946,,,
Niono,-5.98462,14.2264,277,Mali,millet,0.8946375,2.425040431,1.530402931,4.65294453,3.75830703,7.049595377,2.600712262,1,0.487549709,0.108700908,0.103151808,10001,79754,,,
Segou,-6.15,13.4,289,Mali,millet,0.8946375,3.103706727,2.209069227,4.906570857,4.011933357,8.552333825,2.465193791,1,0.524988111,0.131230422,0.103151808,10101,297913,,,
Senou,-7.95,12.53,381,Mali,millet,0.8946375,4.718143288,3.823505788,5.147779494,4.253141994,11.85319197,2.247559979,1,0.290601767,0.088384186,0.103151808,10201,36136,,,
Sikasso,-5.68,11.35,375,Mali,millet,0.8946375,5.280131394,4.385493894,5.561495148,4.666857648,13.36595943,2.264657381,1,0.118465598,0.075442859,0.103151808,9401,11638,,,
DIFFA,12.783,13.417,305,Niger,millet,0.402111111,0.891249162,0.489138051,2.145636196,1.743525085,4.758590235,2.146966401,1,0.907338269,0.432409246,0.177669953,10001,43370,,,
Maradi,7.0833,13.4667,373,Niger,millet,0.614333333,1.749036488,1.134703155,4.392953142,3.778619809,5.53902152,1.945531484,1,0.93290952,0.110942826,0.128416843,10001,901535,,,
Niamey,2.17,13.48,227,Niger,millet,0.505,1.692082096,1.187082096,4.043000195,3.538000195,5.618068113,1.676706115,1,0.887416124,0.133941344,0.28955163,10001,867146,,,
Zinder,8.9838,13.779,453,Niger,millet,0.510875,1.262251643,0.751376643,3.424980943,2.914105943,4.372531981,1.769708353,1,1.023565918,0.113246105,0.177476009,10001,860007,,,
Bauchi,9.817,10.283,609,Nigeria,millet,0.755414092,3.724528337,2.969114245,3.766042949,3.010628857,13.09286172,2.655512684,1,,,0.348686712,9301,23766,,,
Bida,6.017,9.1,143,Nigeria,millet,1.12599565,2.17329764,1.04730199,2.231975927,1.105980278,9.342341185,4.840310567,1,,,0.52639054,10401,57652,,,
Gusau,6.7,12.167,469,Nigeria,millet,1.196219148,3.200552794,2.004333646,3.494630112,2.298410964,12.20674816,4.562319957,1,,,0.61415299,9201,22532,,,
Kaduna,7.45,10.6,642,Nigeria,millet,0.832345007,2.980591324,2.148246316,3.042242712,2.209897705,12.17290229,3.399343735,1,,,0.312094749,9401,35865,,,
Kano,8.533,12.05,481,Nigeria,millet,1.169325294,2.653793339,1.484468045,3.052754822,1.883429528,10.06451076,4.434665968,1,,,0.369701059,9101,63277,,,
Katsina,7.617,13.017,427,Nigeria,millet,0.907072197,3.380769346,2.473697149,4.053819586,3.146747389,12.54143343,3.364910294,1,,,0.110837033,10101,15254,,,
Maidu,13.083,11.85,354,Nigeria,millet,0.69165527,2.369664518,1.678009248,2.789502848,2.097847578,9.581027307,2.796500509,1,,,0.260225272,10101,24913,,,
Nguru,10.467,12.883,344,Nigeria,millet,0.823289656,2.147665,1.324375345,3.143616364,2.320326708,9.553454263,3.662237858,1,,,0.347795686,10001,86561,,,
Sokoto,5.25,13.017,302,Nigeria,millet,1.13944781,2.885868945,1.746421134,3.405558011,2.2661102,11.04384598,4.360518914,1,,,0.637262808,10101,272434,,,
Yelwa,4.75,10.883,243,Nigeria,millet,0.848326129,2.569610512,1.721284382,2.957310376,2.108984247,10.68373415,3.52710685,1,,,0.142389573,10301,49161,,,
nig_rfmt3,10.38282003,12.02804567,368,Nigeria,millet,0.69165527,1.500579474,0.808924204,3.729018902,3.037363631,5.210552264,2.401676149,1,,,0.260225272,10101,72209,,,
DODOMA,35.7667,-6.1667,1120,Tanzania,millet,0.833368459,1.342447045,0.509078586,1.95044213,1.117073671,6.159796003,3.823897353,1,,,0.133993772,7101,39735,,,
Singida,34.733,-4.817,1524,Tanzania,millet,0.721847228,2.806506354,2.084659126,3.404467739,2.682620511,9.667075853,2.486419421,1,,,0.340680889,7201,63089,,,
tan_rfmt1,31.47554346,-3.001959579,1257,Tanzania,millet,2.347819595,2.65540255,0.307582955,3.594443894,1.246624299,8.111657138,7.172060438,1,,,,7401,27768,,,
tan_rfmt2,36.35559545,-5.41,1417,Tanzania,millet,0.338948222,2.319925307,1.980977086,3.196378401,2.857430179,7.320256657,1.069512009,1,,,0.478957826,7201,11824,,,
tan_rfmt3,33.31528798,-3.49,1192,Tanzania,millet,1.21170884,2.51336815,1.301659309,3.328557402,2.116848562,7.375709018,3.555870564,1,,,,7301,16307,,,
tan_rfmt4,34.27129503,-5.502213542,1307,Tanzania,millet,0.927984135,2.742896841,1.814912707,3.595428245,2.667444111,8.03354968,2.717931836,1,,,0.190668765,7101,20812,,,
tan_rfmt6,30.93946986,-5.859842209,1149,Tanzania,millet,,1.908533221,1.908533221,1.939094231,1.939094231,5.605690748,,1,,,,7401,1158,,,
tan_rfmt7,34.80780147,-2.764064832,1624,Tanzania,millet,0.582655912,2.682530853,2.099874941,4.067881402,3.485225489,7.715074004,1.675743441,1,,,,7301,527,,,
Bulindi,31.44056,1.47639,1209,Uganda,millet,1.3758,2.484284844,1.108484844,2.660295969,1.284495969,8.221332031,4.552983784,2,0.193871214,0.121494799,0.027879757,7601,574,,,
Gulu,32.28333333,2.783333333,1105,Uganda,millet,1.3758,2.592009586,1.216209586,2.604389023,1.228589023,7.570070853,4.018080618,2,0.161625185,0.15445629,0.027879757,7601,1626,,,
Jinja,33.18333333,0.511,1173,Uganda,millet,1.3758,1.851371078,0.475571078,2.989721487,1.613921487,6.56428879,4.878086639,2,0.296122415,0.076771557,0.027879757,7501,18642,,,
Kitgum,32.8867,3.2783,953,Uganda,millet,1.3758,2.042112809,0.666312809,2.262621612,0.886821612,6.254993047,4.21407642,2,0.213624096,0.216126187,0.027879757,8401,5048,,,
Makerere,32.63333333,0.335,1240,Uganda,millet,1.3758,2.376667968,1.000867968,2.519419934,1.143619934,8.748269512,5.064177814,2,0.127414044,0.101366714,0.027879757,7601,539,,,
Masindi,31.71666667,1.683333333,1147,Uganda,millet,1.3758,2.050264751,0.674464751,2.168309471,0.792509471,7.306073999,4.902633478,2,0.20189037,0.202384473,0.027879757,7601,519,,,
Namulonge,32.615,0.525,1160,Uganda,millet,1.3758,2.50790778,1.13210778,2.632820455,1.257020455,9.085306265,4.984060602,2,0.126383296,0.095928991,0.027879757,7501,524,,,
Soroti,33.61666667,1.716666667,1123,Uganda,millet,1.3758,2.705258949,1.329458949,2.855756666,1.479956666,8.044340708,4.09107008,2,0.117337682,0.103292679,0.027879757,8501,31221,,,
Tororo,34.16666667,0.683333333,1171,Uganda,millet,1.3758,2.748844281,1.373044281,2.816748368,1.440948368,8.084707305,4.046406115,2,0.08963752,0.068928337,0.027879757,7601,10076,,,
uga_rfmt1,31.88266673,1.991090304,1039,Uganda,millet,1.3758,1.944228953,0.568428953,2.156099352,0.780299352,5.797336636,4.102385026,2,0.473145639,0.483941604,0.027879757,7501,11027,,,
Chipata,32.58972222,-13.56222222,1032,Zambia,millet,0.676,6.836876276,6.160876276,7.185734341,6.509734341,15.10571647,1.49358624,1,,,0.650938002,7401,15,,,
Choma,26.988,-16.81166667,1278,Zambia,millet,0.818225162,6.038307372,5.220082209,7.591336215,6.773111053,15.94960176,2.161262203,1,,,0.926870934,7301,75,,,
Livingstone,25.86583333,-17.735,986,Zambia,millet,0.800225162,4.191327075,3.391101913,6.533937985,5.733712823,10.60650992,2.025037886,1,,,0.956364077,7201,303,,,
Mongu,23.1623,-15.2545,1053,Zambia,millet,0.398665446,5.69441184,5.295746394,6.334787892,5.936122446,12.87523444,0.901394424,1,,,,7301,1268,,,
Mpika,31.45444444,-11.83805556,1402,Zambia,millet,0.958911339,7.380124078,6.421212739,7.492742558,6.533831219,19.40641344,2.521506372,1,,,0.439752302,7501,2620,,,
Mumbwa,27.1833,-15.0667,1218,Zambia,millet,0.695509568,5.452401186,4.756891618,7.38394033,6.688430762,14.36059529,1.831840888,1,,,,7301,6,,,
